"SMILES","Outcome"
"CN(CC1=CC=C(Cl)N=C1)C(C)=NC#N",1
"CN(CC1=CC=C(Cl)N=C1)C(C)=NC#N",1
"[O-][N+](=O)NC1=NCCN1CC1=CC=C(Cl)N=C1",1
"[O-][N+](=O)NC1=NCCN1CC1=CC=C(Cl)N=C1",0
"CNC(NCC1=CN=C(Cl)S1)=N[N+]([O-])=O",1
"CNC(NCC1=CN=C(Cl)S1)=N[N+]([O-])=O",1
"CNC(NCC1=CN=C(Cl)S1)=N[N+]([O-])=O",1
"CN=C(NCC1CCOC1)N[N+]([O-])=O",1
"CN=C(NCC1CCOC1)N[N+]([O-])=O",0
"CN=C(NCC1CCOC1)N[N+]([O-])=O",1
"CN1COCN(CC2=CN=C(Cl)S2)C1=N[N+]([O-])=O",1
"NC1=C(C(=NN1C1=C(Cl)C=C(C=C1Cl)C(F)(F)F)C#N)S(=O)C(F)(F)F",1
"CCOC1=CC=C(C=C1)C(C)(C)COCC1=CC=CC(OC2=CC=CC=C2)=C1",1
"CNC(=O)OC1=CC=CC2=CC=CC=C12",1
"CC1(C)C(C=C(Br)Br)C1C(=O)OC(C#N)C1=CC=CC(OC2=CC=CC=C2)=C1",1
"CC1(C)C(C=C(Cl)Cl)C1C(=O)OC(C#N)C1=CC(OC2=CC=CC=C2)=CC=C1",1
"CCC1CCCC(OC2CCC(C(C)O2)N(C)C)C(C)C(=O)C2=CC3C4CC(CC4C=CC3C2CC(=O)O1)OC1OC(C)C(OC)C(OC)C1OC",1
"CCC1CCCC(OC2CCC(C(C)O2)N(C)C)C(C)C(=O)C2=CC3C4CC(CC4C(C)=CC3C2CC(=O)O1)OC1OC(C)C(OC)C(OC)C1OC",1
"CC1(C)C(C=C(Cl)C(F)(F)F)C1C(=O)OC(C#N)C1=CC(OC2=CC=CC=C2)=CC=C1",1
"CC1=C(COC(=O)C2C(C=C(Cl)C(F)(F)F)C2(C)C)C=CC=C1C1=CC=CC=C1",1
"CC(C)=CC1C(C(=O)OCC2=COC(CC3=CC=CC=C3)=C2)C1(C)C",1
"CC1(C)C(C=C(Cl)Cl)C1C(=O)OC(C#N)C1=CC(OC2=CC=CC=C2)=C(F)C=C1",1
"CC1(C)C(C=C(Cl)Cl)C1C(=O)OCC1=CC(OC2=CC=CC=C2)=CC=C1",1
"CC(C)C(C(=O)OC(C#N)C1=CC(OC2=CC=CC=C2)=CC=C1)C1=CC=C(Cl)C=C1",1
"CC(C)(COCC1=CC(OC2=CC=CC=C2)=CC=C1)C1=CC=C(OC(F)(F)Br)C=C1",1
"CC(C)=CC1C(C(=O)OC2CC(=O)C(CC#C)=C2C)C1(C)C",1
"CCC(C)C1OC2(CC3CC(CC=C(C)C(OC4CC(OC)C(OC5CC(OC)C(O)C(C)O5)C(C)O4)C(C)C=CC=C4/COC5C(O)C(C)=CC(C(=O)O3)C45O)O2)C=CC1C",1
"COP(=O)(OC)OC(C)=CC(=O)N(C)C",1
"CCOP(=S)(NC(C)C)OC1=CC=CC=C1C(=O)OC(C)C",1
"CC1(C)C(C=C(Cl)C2=CC=C(Cl)C=C2)C1C(=O)OC(C#N)C1=CC=C(F)C(OC2=CC=CC=C2)=C1",1
"CC(C)(C)N1N=CC(SCC2=CC=C(C=C2)C(C)(C)C)=C(Cl)C1=O",1
"CCOP(=S)(OCC)OC1=C(Cl)C=C(Cl)C(Cl)=N1",1
"COC(=O)C=C(C)OP(=O)(OC)OC",1
"CCOP(=S)(OCC)OC1=NN(C(=O)C=C1)C1=CC=CC=C1",1
"CCOP(=S)(OCC)OC1=NOC(=C1)C1=CC=CC=C1",1
"CCOP(=S)(OCC)OC(Cl)C(Cl)(Cl)Cl",1
"CCOC(=O)C(C)OC1=CC=C(OC2=NC3=CC=C(Cl)C=C3O2)C=C1",1
"CC1(C)C(C(Br)C(Br)(Br)Br)C1C(=O)OC(C#N)C1=CC(OC2=CC=CC=C2)=CC=C1",1
"CNC(=O)CSP(=S)(OC)OC",1
"CS(=O)(=O)C1=CC(=CC=C1C(=O)C1=C(ON=C1)C1CC1)C(F)(F)F",1
"CNC(=O)C=C(C)OP(=O)(OC)OC",1
"CC(C)=CC1C(C(=O)OCC2=CC(OC3=CC=CC=C3)=CC=C2)C1(C)C",1
"ClC1=C(Cl)C2(Cl)C3C4CC(C5OC45)C3C1(Cl)C2(Cl)Cl",1
"CC(C)=CC1C(C(=O)OC2CC(=O)C(CC=CC=C)=C2C)C1(C)C",1
"CCOCN1C(=C(C#N)C(Br)=C1C(F)(F)F)C1=CC=C(Cl)C=C1",1
"CCOC(=O)CCN(SN(C)C(=O)OC1=C2OC(C)(C)CC2=CC=C1)C(C)C",1
"CNC(=O)OC1=CC=CC2=C1OC(C)(C)C2",1
"CCNC1=NC(NC(C)(C)C)=NC(SC)=N1",1
"CC(C)=CC1C(C(=O)OCN2C(=O)C3=C(CCCC3)C2=O)C1(C)C",1
"CNC(=O)ON=C(C)SC",1
"CC1(C)C(C=CC(=O)OC(C(F)(F)F)C(F)(F)F)C1C(=O)OC(C#N)C1=CC(OC2=CC=CC=C2)=CC=C1",1
"CC(=O)OC(C)=CC1C(C(=O)OC2CC(=O)C(CC=CC=C)=C2C)C1(C)C",1
"CCOC(=O)CC(SP(=S)(OC)OC)C(=O)OCC",1
"OC(=O)C1(CC1)C(=O)NC1=CC=C(Cl)C=C1Cl",1
"COC(=O)N(C(=O)N1COC2(CC3=CC(Cl)=CC=C3C2=N1)C(=O)OC)C1=CC=C(OC(F)(F)F)C=C1",1
"CCOP(=S)(OCC)OC1=CC(C)=NC(=N1)C(C)C",1
"COP(=S)(OC)OC1=CC=C(SC)C(C)=C1",1
"COC1=NN(CSP(=S)(OC)OC)C(=O)S1",1
"COC1=C(OC)C=C2C3C(COC2=C1)OC1=C(C=CC2=C1CC(O2)C(C)=C)C3=O",1
"CCOP(=S)(OC1=CC=C(C=C1)[N+]([O-])=O)C1=CC=CC=C1",1
"COP(=O)(OC)OC(Br)C(Cl)(Cl)Br",1
"CCOC(=O)C1=CN2N=C(OP(=S)(OCC)OCC)C=C2N=C1C",1
"CCOP(=O)(SC(C)CC)N1CCSC1=O",1
"CCN(CC)C1=NC(C)=CC(OP(=S)(OC)OC)=N1",1
"CNC(=O)ON=CC(C)(C)SC",1
"CCCCN(CCCC)SN(C)C(=O)OC1=CC=CC2=C1OC(C)(C)C2",1
"COP(=S)(OC)OC1=NC(Cl)=C(Cl)C=C1Cl",1
"CC1=C(F)C(F)=C(COC(=O)C2C(C=C(Cl)C(F)(F)F)C2(C)C)C(F)=C1F",1
"CNC(=O)OC1=CC(C)=C(SC)C(C)=C1",1
"CC(C)C(C(=O)OC(C#N)C1=CC(OC2=CC=CC=C2)=CC=C1)C1=CC=C(OC(F)F)C=C1",1
"CCOC(=O)C(SP(=S)(OC)OC)C1=CC=CC=C1",1
"CCCSP(=O)(OCC)OC1=C(Cl)C=C(Br)C=C1",1
"COC(=O)C(C)=CC1C(C(=O)OC2CC(=O)C(CC=CC=C)=C2C)C1(C)C",1
"COP(=S)(OC)SCN1N=NC2=CC=CC=C2C1=O",1
"CNC(=O)OC1=CC=CC2=C1OC(C)(C)O2",1
"CCOP(=S)(OCC)OC1=CN=C2C=CC=CC2=N1",1
"COP(=O)(OC)OC=C(Cl)Cl",1
"CNC(=O)OC1=CC=CC=C1OC(C)C",1
"COP(=S)(OC)OC1=CC=C(C(C)=C1)[N+]([O-])=O",1
"CC(C)=CC1C(C(=O)OCN2C(=O)CN(CC#C)C2=O)C1(C)C",1
"CNC(=O)OC1=CC(C)=CC(C)=C1",1
"ClC1=CC=C(C=C1)C(C1=CC=C(Cl)C=C1)C(Cl)(Cl)Cl",1
"CCS(=O)CCSP(=O)(OC)OC",1
"CCSCCSP(=O)(OC)OC",1
"ClC1C(Cl)C(Cl)C(Cl)C(Cl)C1Cl",1
"ClC1CC2C(C1Cl)C1(Cl)C(Cl)=C(Cl)C2(Cl)C1(Cl)Cl",1
"CCOP(=S)(OCC)OC1=CC=C(C=C1)[N+]([O-])=O",1
"COP(=S)(OC)SCN1C(=O)C2=CC=CC=C2C1=O",1
"CCOCCC1=CC=C(OCCNC2=NC=NC(CC)=C2Cl)C(C)=C1C",1
"CCOC(=O)CCN(CC1=CC=CC=C1)SN(C)C(=O)ON=C(C)SC",1
"CCOP(=O)(NC(C)C)OC1=CC(C)=C(SC)C=C1",1
"CNC(=O)ON=C(SC)C(=O)N(C)C",1
"CCCSP(=O)(OCC)OC1=CN(N=C1)C1=CC=C(Cl)C=C1",1
"CC(C)C(C(=O)OC(C#N)C1=CC=CC(OC2=CC=C(Br)C=C2)=C1)C1=CC=C(OC(F)F)C=C1",1
"CCOP(=S)(OCC)SCCSCC",1
"COP(N)(=O)SC",1
"CNC(=O)ON=C(C)C(C)SC",1
"CC(C)C(NC1=CC=C(C=C1Cl)C(F)(F)F)C(=O)OC(C#N)C1=CC=CC(OC2=CC=CC=C2)=C1",1
"COP(=O)(OC)OC(=CCl)C1=CC(Cl)=C(Cl)C=C1Cl",1
"CC(C)C1=CC(OC2=CC=CC=C2)=CC(C(C)C)=C1NC(=S)NC(C)(C)C",1
"COP(=S)(OC)OC1=CC=C(SC2=CC=C(OP(=S)(OC)OC)C=C2)C=C1",1
"CNC(=O)ON=CC(C)(C)S(C)=O",1
"CCOP(=O)(OCC)SCCSCC",1
"CCOC(=O)C(Cl)CC1=CC(N2N=C(C)N(C(F)F)C2=O)=C(F)C=C1Cl",1
"CC(C)=CC1C(C(=O)OC2CC(=O)C(CC=C)=C2C)C1(C)C",1
"COC1=CC(OC)=NC(OC2=CC=CC(OC3=NC(OC)=CC(OC)=N3)=C2C(O)=O)=N1",1
"CNC(=O)C1=CC(Cl)=CC(C)=C1NC(=O)C1=CC(Br)=NN1C1=NC=CC=C1Cl",1
"CCCSP(=O)(OCC)SCCC",1
"CCOP(=S)(OCC)SCSC(C)(C)C",1
"CCOP(=S)(OCC)SCSCC",1
"CCC1=NN(C)C(C(=O)NCC2=CC=C(C=C2)C(C)(C)C)=C1Cl",1
"CC(C)(C)C1=CC=C(CCOC2=NC=NC3=CC=CC=C23)C=C1",1
"COC(=O)C1=CC=CC=C1N",1
"COC1=C(NNC(=O)OC(C)C)C=C(C=C1)C1=CC=CC=C1",1
"CCOP(=S)(CC)SC1=CC=CC=C1",1
"CCOP(=S)(OCC)SCN1C(=O)OC2=C1C=CC(Cl)=C2",1
"COP(=O)(OC)SCN1C(=O)OC2=C1N=CC(Cl)=C2",1
"CCCC(=NOCC)C1=C(O)CC(CC(C)SCC)CC1=O",1
"CN1N=C(C)C(C=NOCC2=CC=C(C=C2)C(=O)OC(C)(C)C)=C1OC1=CC=CC=C1",1
"OC(C1=CC=C(F)C=C1)(C1=CN=CN=C1)C1=C(Cl)C=CC=C1",0
"SC(=S)NCCNC(S)=S",0
"CCCC(CN1C=NC=N1)C1=C(Cl)C=C(Cl)C=C1",0
"CSC(C)=NOC(=O)N(C)SN(C)C(=O)ON=C(C)SC",0
"[H]N=C(N)NCCCCCCCCCCCC",0
"ClC(Cl)(Cl)SN1C(=O)C2=CC=CC=C2C1=O",0
"OC(C1=CC=C(Cl)C=C1)(C1=CC=C(Cl)C=C1)C(Cl)(Cl)Cl",0
"CCOC(=O)C1=CC=CC=C1S(=O)(=O)NC(=O)NC1=NC(Cl)=CC(OC)=N1",0
"COC(=O)C1=C(C=CS1)S(=O)(=O)NC(=O)NC1=NC(C)=NC(OC)=N1",0
"NC1=CC(Cl)=NC(C(O)=O)=C1Cl",0
"OC1=C(Br)C=C(C=C1Br)C#N",0
"OC(=O)CCCOC1=CC=C(Cl)C=C1Cl",0
"NC1=C(Cl)C(Cl)=NC(C(O)=O)=C1Cl",0
"FC(OC(F)(F)F)C(F)(F)OC1=CC=C(NC(=O)NC(=O)C2=C(F)C=CC=C2F)C=C1Cl",0
"CCCCOCCOCCOCC1=CC2=C(OCO2)C=C1CCC",0
"ClC1=NC=C(CN2CCSC2=NC#N)C=C1",0
"COP(=O)(OC)C(O)C(Cl)(Cl)Cl",0
"CN(C)C(=O)OC1=NC(=NC(C)=C1C)N(C)C",0
"CC(C)N1C(SCN(C1=O)C1=CC=CC=C1)=NC(C)(C)C",0
"CCOP(=S)(OCC)OC1=CC2=C(C=C1)C(C)=C(Cl)C(=O)O2",0
"CCOC1=CC=C(NC(=O)OC(C)C)C=C1OCC",0
"COC1=CC=C(C=C1)C(C1=CC=C(OC)C=C1)C(Cl)(Cl)Cl",0
"CC(C)(C)C(O)C(=CC1=C(Cl)C=C(Cl)C=C1)N1C=NC=N1",0
"CON=C(C(=O)OC)C1=CC=CC=C1COC1=CC=CC=C1C",0
"CC(C)OP(=S)(OC(C)C)SCCNS(=O)(=O)C1=CC=CC=C1",0
"CC(Cl)(Cl)C(O)=O",0
"FC1=CC=CC(F)=C1C1=NN=C(N=N1)C1=CC=CC=C1Cl",0
"COCC(=O)N(C(C)C(=O)OC)C1=C(C)C=CC=C1C",0
"CCNC(=O)NC(=O)C(=NOC)C#N",0
"CC1(OC(=O)N(NC2=CC=CC=C2)C1=O)C1=CC=C(OC2=CC=CC=C2)C=C1",0
"SSC(S)=S",0
"CN(C)C(CSS(=O)(=O)C1=CC=CC=C1)CSS(=O)(=O)C1=CC=CC=C1",0
"CCOC(=O)CSC1=NC(=NN1C(=O)N(C)C)C(C)(C)C",0
"FC1=CC2=C(C=C1N1C(=O)C3=C(CCCC3)C1=O)N(CC#C)C(=O)CO2",0
"CCC(NC1=NC=NC(C)=C1Cl)C1=CC=C(OC(F)F)C=C1",0
"CCSC(=O)N(CC(C)C)CC(C)C",0
"CC(C)(C)C1=CC=C(OC2CCCCC2OS(=O)OCC#C)C=C1",0
"CN1CSC(=S)N(C)C1",0
"NC1=NC(NC2CC2)=NC(N)=N1",0
"CC(C)CCCC(C)CC=CC(C)=CC(=O)OCC#C",0
"CCC(C)(NC(=O)C1=CC(Cl)=C(C)C(Cl)=C1)C(=O)CCl",0
"CC1CCCCN1CCCOC(=O)C1=CC(Cl)=C(Cl)C=C1",0
"COC1=NC(NC(C)C)=NC(NC(C)C)=N1",0
"CC(C)OP(=O)(OC(C)C)SCC1=CC=CC=C1",0
"COC1=CC=CC(C(=O)NN(C(=O)C2=CC(C)=CC(C)=C2)C(C)(C)C)=C1C",0
"ClC1=CC(Cl)=C(C=C1)C(CN1C=CN=C1)OCC=C",0
"CC1OC(OC2C(O)C(O)C(O)C(O)C2O)C(N)CC1N=C(N)C(O)=O",0
"CCCCC(CN1C=NC=N1)(C#N)C1=CC=C(Cl)C=C1",0
"CC1(C)CNC(NN=C(C=CC2=CC=C(C=C2)C(F)(F)F)C=CC2=CC=C(C=C2)C(F)(F)F)=NC1",0
"CC(CN1CCCCC1)CC1=CC=C(C=C1)C(C)(C)C",0
"CCOC(=O)C1CC(=O)C(=C(O)C2CC2)C(=O)C1",0
"ClC1=CC=CC=C1C1=NN=C(N=N1)C1=CC=CC=C1Cl",0
"OC1=C(Cl)C(Cl)=C(Cl)C(Cl)=C1Cl",0
"CC1(C)CCC(=CC2=CC=C(Cl)C=C2)C1(O)CN1C=NC=N1",0
"CN(C=NC1=CC=C(C)C=C1C)C=NC1=CC=C(C)C=C1C",0
"FC1(F)OC2=CC=CC(=C2O1)C1=CNC=C1C#N",0
"CCCN(CCOC1=C(Cl)C=C(Cl)C=C1Cl)C(=O)N1C=CN=C1",0
"CCCC1COC(CN2C=NC=N2)(O1)C1=C(Cl)C=C(Cl)C=C1",0
"FC(F)(F)C1=NC(OCCCOC2=C(Cl)C=C(OCC=C(Cl)Cl)C=C2Cl)=CC=C1",0
"CC(C)(C)C(=O)C(OC1=CC=C(Cl)C=C1)N1C=NC=N1",0
"CCCCNC(=O)N1C(NC(=O)OC)=NC2=CC=CC=C12",0
"COC(=O)NC1=NC2=C(N1)C=CC=C2",0
"CCCCOC(=O)C(C)OC1=CC=C(OC2=CC=C(C=C2F)C#N)C=C1",0
"COC1=C(OC)C=C(C=C1)C(=CC(=O)N1CCOCC1)C1=CC=C(Cl)C=C1",0
"CCCCCCCCSCCO",0
"CSC1=NN=C(C(=O)N1N)C(C)(C)C",0
"FC(F)C(F)(F)OCC(CN1C=NC=N1)C1=C(Cl)C=C(Cl)C=C1",0
"CSC1=NC(C)(C(=O)N1NC1=CC=CC=C1)C1=CC=CC=C1",0
"CC1=CC=C2N=C3SC(=O)SC3=NC2=C1",0
"CNC(S)=S",0
"FC1=CC=C(C=C1)N1C(=O)C(Cl)=C(Cl)C1=O",0
"CON=C(CC1=CN=CC=C1)C1=CC=C(Cl)C=C1Cl",0
"[O-][N+](=O)C1=C(Cl)C(Cl)=C(Cl)C(Cl)=C1Cl",0
"OC(CN1C=NC=N1)(C1=CC=C(F)C=C1)C1=CC=CC=C1F",0
"CCCN(CCC)C(=O)SCC",0
"CN(C)C(=S)SSC(=S)N(C)C",0
"FC1=CC=C(OC2=CC=NC3=CC(Cl)=CC(Cl)=C23)C=C1",0
"COC1=CC=C(C=C1OC)C(C)OCC#CC",0
"CSC(=O)C1=C(N=C(C(C(=O)SC)=C1CC(C)C)C(F)(F)F)C(F)F",0
"FC(F)C(F)(F)OC1=C(Cl)C=C(NC(=O)NC(=O)C2=C(F)C=CC=C2F)C=C1Cl",0
"O=CC1=CC=CO1",0
"COCC(C)N(C(=O)CCl)C1=C(C)SC=C1C",0
"COC(=O)C1=C(N(C)N=C1Cl)S(=O)(=O)NC(=O)NC1=NC(OC)=CC(OC)=N1",0
"CSC1=NC(NC(C)C)=NC(NC(C)C)=N1",0
"ClC(Cl)C(Cl)(Cl)SN1C(=O)C2CC=CCC2C1=O",0
"CC1COC(CN2C=NC=N2)(O1)C1=C(Cl)C=C(OC2=CC=C(Cl)C=C2)C=C1",0
"CN(C)S(=O)(=O)N1C=NC(=N1)S(=O)(=O)N1C(C)=C(Br)C2=C1C=C(F)C=C2",0
"COC(=O)C(C)N(C(=O)CC1=CC=CC=C1)C1=C(C)C=CC=C1C",0
"CC(C)OC(=O)NC(C(C)C)C(=O)NC(C)C1=NC2=C(S1)C=C(F)C=C2",0
"FC1=CC=CC(F)=C1C(=O)NC(=O)NC1=CC(=CC(=C1Cl)C(F)(F)F)C(F)(F)F",0
"CC1=CC(=CC(C)=C1)C(=O)N(NC(=O)C1=C(C)C2=C(OCCC2)C=C1)C(C)(C)C",0
"CC(CN1CC(C)OC(C)C1)CC1=CC=C(C=C1)C(C)(C)C",0
"CN1N=C(C)C(C)=C1C(OC(=O)C(C)(C)C)=C(C#N)C1=CC=C(C=C1)C(C)(C)C",0
"FC1=CC=C(C(C(NC(=O)CC2=CC=CC=C2)=NOCC2CC2)=C1F)C(F)(F)F",0
"CC(C1CC1)C(O)(CN1C=NC=N1)C1=CC=C(Cl)C=C1",0
"CC1=C(Cl)C=C(C=C1Cl)C1=NNC(=O)C=C1",0
"CNC(=O)C(=NOC)C1=CC=CC=C1COC1=C(C)C=CC(C)=C1",0
"O=C1C2=C(SC(C#N)=C(S2)C#N)C(=O)C2=CC=CC=C12",0
"CC1CN(CC(C)O1)C1CCCCCCCCCCC1",0
"FC1=CC=C(C=C1)C1(CN2C=NC=N2)OC1C1=CC=CC=C1Cl",0
"CCNC1=NC(CC)=C(S1)C(=O)NC(C#N)C1=CC=CS1",0
"OC(C1=CC=C(Cl)C=C1)(C1=CN=CN=C1)C1=CC=CC=C1Cl",0
"CCOC(=O)NCCOC1=CC=C(OC2=CC=CC=C2)C=C1",0
"FC(F)(F)C1=C(C=NC=C1)C(=O)NCC#N",0
"FC1=CC(OC2=CC=C(C=C2Cl)C(F)(F)F)=CC=C1NC(=O)NC(=O)C1=C(F)C=CC=C1F",0
"FC(F)(F)C1=CN=C(CNC(=O)C2=C(Cl)C=CC=C2Cl)C(Cl)=C1",0
"CC(C)(C)N(NC(=O)C1=CC=C(Cl)C=C1)C(=O)C1=CC=CC=C1",0
"CCCCC(O)(CN1C=NC=N1)C1=C(Cl)C=C(Cl)C=C1",0
"O=C1NNC(=O)C=C1",0
"CC1=CC(=O)NO1",0
"NC(N)=NCCCCCCCCNCCCCCCCCN=C(N)N",0
"COC(=O)CC(NC(=O)C(NC(=O)OC(C)C)C(C)C)C1=CC=C(Cl)C=C1",0
"CC#CC1=NC(NC2=CC=CC=C2)=NC(C)=C1",0
"CC1(C)CCC(CC2=CC=C(Cl)C=C2)C1(O)CN1C=NC=N1",0
"CNC(=O)C(=NOC)C1=CC=CC=C1OC1=CC=CC=C1",0
"COC1=C(C(=O)C2=C(OC)C(OC)=C(OC)C=C2C)C(C)=C(Br)C=C1",0
"NC(CO)C(=O)NC1C=CC(OC1C(O)(CC(O)CN=C(N)N)C(O)=O)N1C=C(CO)C(N)=NC1=O",0
"FC(C(F)(F)F)C(F)(F)OC1=C(Cl)C=C(NC(=O)NC(=O)C2=C(F)C=CC=C2F)C(F)=C1Cl",0
"COCC(=O)N(N1CCOC1=O)C1=C(C)C=CC=C1C",0
"CCC(N(CC1=CC=CO1)C(=O)N1C=CN=C1)C(=O)OCCCC=C",0
"ClC1=CC=C(CN(C2CCCC2)C(=O)NC2=CC=CC=C2)C=C1",0
"CCCOC(=O)NCCCN(C)C",0
"CON(C(=O)OC)C1=CC=CC=C1COC1=NN(C=C1)C1=CC=C(Cl)C=C1",0
"CC1=CC(C)=NC(NC2=CC=CC=C2)=N1",0
"CC(COC1=CC=C(OC2=CC=CC=C2)C=C1)OC1=CC=CC=N1",0
"CC1=C(C)C(C(=O)NCC=C)=C(S1)[Si](C)(C)C",0
"FC1=CC=CC(F)=C1C(=O)NC(=O)NC1=C(F)C(Cl)=C(F)C(Cl)=C1",0
"CC1=NC(=C(S1)C(=O)NC1=C(Br)C=C(OC(F)(F)F)C=C1Br)C(F)(F)F",0
"COC(=O)NC(=S)NC1=CC=CC=C1NC(=S)NC(=O)OC",0
"COP(=S)(OC)OC1=C(Cl)C=C(C)C=C1Cl",0
"ClC(Cl)(Cl)C(NC=O)N1CCN(CC1)C(NC=O)C(Cl)(Cl)Cl",0
"CCNC1=NC(NC(C)C)=NC(SC)=N1",0
"COC(=O)C1=CC=CC=C1S(=O)(=O)NC(=O)N(C)C1=NC(C)=NC(OC)=N1",0
"C1CCN2CCN3CCCCC3C2C1",0
"COC1=CC(OC)=NC(NC(=O)NS(=O)(=O)N(C)S(C)(=O)=O)=N1",0
"COC1=NC(C)=NC(NC(=O)NS(=O)(=O)C2=CC=CC=C2Cl)=N1",0
"CC(C)OC1=CC(N2N=C(OC2=O)C(C)(C)C)=C(Cl)C=C1Cl",0
"CC1=CN=C2C(C=CC(Cl)=C2C(O)=O)=C1",0
"CCCC(=NOCC)C1=C(O)CC(CC1=O)C1CCCSC1",0
"COC(=O)C(C)OC1=CC=C(OC2=CC=C(Cl)C=C2Cl)C=C1",0
"FC(F)(F)C1=CN=C(CCNC(=O)C2=CC=CC=C2C(F)(F)F)C(Cl)=C1",0
"COC1=NC2=NC(NS(=O)(=O)C3=C(OC)N=CC=C3C(F)(F)F)=NN2C(OC)=C1",0
"CCOC(=O)OC1=C(C(=O)NC11CCC(CC1)OC)C1=CC(C)=CC=C1C",0
"CCC1=CC(C)=CC(CC)=C1C1=C(OC(=O)C(C)(C)C)N2CCOCCN2C1=O",0
"CSC(=O)C1=CC=CC2=C1SN=N2",0
"COC1=NC(C)=NC(NC(=O)NS(=O)(=O)C2=CC=CC=C2CCC(F)(F)F)=N1",0
"CC(OC1=CC=C(OC2=NC=C(C=C2Cl)C(F)(F)F)C=C1)C(O)=O",0
"CCCCCCCCCCCCC1=C(OC(C)=O)C(=O)C2=CC=CC=C2C1=O",0
"CC(C)C(O)(C1=CC=C(OC(F)(F)F)C=C1)C1=CN=CN=C1",0
"COC(=O)C1=CC=CC(C)=C1S(=O)(=O)NC(=O)NC1=NC(OCC(F)(F)F)=NC(=N1)N(C)C",0
"COC1=CN=C(OC)N2N=C(NS(=O)(=O)C3=C(OCC(F)F)C=CC=C3C(F)(F)F)N=C12",0
"COCCOC1=CC=CC2=C1C(=O)C(=NN2C1=CC=C(Cl)C=C1)C(O)=O",0
"FC1=CC=C2N=C(N3C=NC=N3)N(C(=O)C2=C1)C1=CC=C(Cl)C=C1Cl",0
"CC(C)C1CCC(CC2=CC=C(Cl)C=C2)C1(O)CN1C=NC=N1",0
"CNC(=O)N(C)C1=NN=C(S1)C(C)(C)C",0
"CN(C)C1=NC(=O)N(C2CCCCC2)C(=O)N1C",0
"CCS(=O)(=O)C1=CC=CN=C1S(=O)(=O)NC(=O)NC1=NC(OC)=CC(OC)=N1",0
"O=C(NC1=CN=NS1)NC1=CC=CC=C1",0
"CC1(C)CON(CC2=CC=CC=C2Cl)C1=O",0
"CCCCC(CC)CC1=C(Cl)C=CC(OOC(C)=O)=C1Cl",0
"CSSC",0
"CC(C)C1(C)N=C(NC1=O)C1=NC=CC=C1C(O)=O",0
"C[As](C)(O)=O",0
"COC1=CC=C(C=C1)C(O)(C1CC1)C1=CN=CN=C1",0
"COC1=CC(OC)=NC(SC2=CC=CC(Cl)=C2C(O)=O)=N1",0
"CCCCC(CC)COC(=O)C1=NC(Cl)=C(Cl)C(N)=C1Cl",0
"COC(=O)C1=CC=CC=C1S(=O)(=O)NC(=O)NC1=NC(C)=CC(C)=N1",0
"CC1=NNC(=O)N(C1)N=CC1=CC=CN=C1",0
"CCC1=CN=C(C2=NC(C)(C(C)C)C(=O)N2)C(=C1)C(O)=O",0
"CCOP(O)(=O)C(N)=O",0
"CC(C)C1=NN(C(=O)NC(C)(C)C)C(=O)N1N",0
"OC(CN1NC=NC1=S)(CC1=CC=CC=C1Cl)C1(Cl)CC1",0
"CCCOC1=NN(C(O)=NS(=O)(=O)C2=CC=CC=C2C(=O)OC)C(=O)N1C",0
"CS(=O)(=O)C1=CC=C(C(=O)C2C(=O)CCCC2=O)C(Cl)=C1COCC(F)(F)F",0
"FC1=CC=C(NC(=O)C2=CC=CN=C2OC2=CC=CC(=C2)C(F)(F)F)C(F)=C1",0
"COC1=NC2=NC(=NN2C(OC)=C1)S(=O)(=O)NC1=C(Cl)C=CC(C)=C1Cl",0
"COC1=NC=C(F)C2=NC(=NN12)S(=O)(=O)NC1=C(F)C=CC=C1F",0
"ClC1=CC=C(C(Cl)=C1)C1(CN2C=NC=N2)CC(Br)CO1",0
"CCC(C)(CC)C1=NOC(NC(=O)C2=C(OC)C=CC=C2OC)=C1",0
"COC1=C(Cl)C=CC(Cl)=C1C(O)=O",0
"CC1CCCCC1NC(=O)NC1=CC=CC=C1",0
"CCCCCCCCSC(=O)OC1=CC(Cl)=NN=C1C1=CC=CC=C1",0
"CC(OC1=CC=C(OC2=NC=C(Cl)C=C2F)C=C1)C(=O)OCC#C",0
"CCCCOCCOC(=O)COC1=NC(Cl)=C(Cl)C=C1Cl",0
"COC1=CC(OC)=NC(NC(=O)NS(=O)(=O)NC2=CC=CC=C2C(=O)N(C)C)=N1",0
"COCCOC(=O)C(C#N)(C(=O)C1=CC=CC=C1C(F)(F)F)C1=CC=C(C=C1)C(C)(C)C",0
"CN(C)C1=CC=C(C=C1)N=NS(O)(=O)=O",0
"ClCC1(CCl)C(=C)C2(Cl)C(Cl)C(Cl)C1(Cl)C2(Cl)Cl",0
"CN(C)C(=O)NC1=CC=C(Cl)C=C1",0
"CCC1=CC=CC(C)=C1N(C(C)COC)C(=O)CCl",0
"OC(=O)C1=CC=CC=C1C(=O)NC1=CC=CC2=CC=CC=C12",0
"FC1=CC=CC(F)=C1C(=O)NC(=O)NC1=CC=C(Cl)C=C1",0
"ClC1=CC=CC=C1NC1=NC(Cl)=NC(Cl)=N1",0
"ClC1=CC=CC(Cl)=C1C#N",0
"CON(C)C(=O)NC1=CC=C(Cl)C(Cl)=C1",0
"ClC1=C(Cl)C(C#N)=C(Cl)C(C#N)=C1Cl",0
"CCCOCC(=NC1=C(C=C(Cl)C=C1)C(F)(F)F)N1C=CN=C1",0
"CC1(OC(=O)N(C1=O)C1=CC(Cl)=CC(Cl)=C1)C=C",0
"CN(C)C(=O)NC1=CC=C(Cl)C(Cl)=C1",0
"C[Si](CN1C=NC=N1)(C1=CC=C(F)C=C1)C1=CC=C(F)C=C1",0
"COC1=C(OC)C=C(C=C1)C(=CC(=O)N1CCOCC1)C1=CC=C(F)C=C1",0
"CC1=C(SCCO1)C(=O)NC1=CC=CC=C1",0
"CC1=C(C(=O)NC2=CC=CC=C2)S(=O)(=O)CCO1",0
"[O-][N+](=O)C1=CC=C(NS(=O)(=O)C2=CC(=C(Cl)C=C2)C(F)(F)F)C(Cl)=C1",0
"CC(C)OC(=O)C(O)(C1=CC=C(Br)C=C1)C1=CC=C(Br)C=C1",0
"CC1=C(Cl)C(=O)N(C(=O)N1)C(C)(C)C",0
"CCC(C)N1C(=O)NC(C)=C(Br)C1=O",0
"CCNC1=NC(Cl)=NC(NC(C)(C)C#N)=N1",0
"CN(C)S(=O)(=O)N(SC(F)(Cl)Cl)C1=CC=C(C)C=C1",0
"CCCOC1=NC2=C(C=C(I)C=C2)C(=O)N1CCC",0
"COC=C(C(=O)OC)C1=CC=CC=C1OC1=NC=NC(OC2=CC=CC=C2C#N)=C1",0
"CC(C)(C)C(O)C(OC1=CC=C(C=C1)C1=CC=CC=C1)N1C=NC=N1",0
"ClC1=CC=C(C=C1)C1=CC=CC=C1NC(=O)C1=C(Cl)N=CC=C1",0
"CCOC1=C(C=CC(=C1)C(C)(C)C)C1COC(=N1)C1=C(F)C=CC=C1F",0
"CC1=C(NC(=O)C2=C(C(=O)NC(C)(C)CS(C)(=O)=O)C(I)=CC=C2)C=CC(=C1)C(F)(C(F)(F)F)C(F)(F)F",0
"CON=C(C1=NOCCO1)C1=CC=CC=C1OC1=C(F)C(OC2=CC=CC=C2Cl)=NC=N1",0
"N1C2=CC=CC=C2N=C1C1=CC=CO1",0
"CC1C(SC(=O)N1C(=O)NC1CCCCC1)C1=CC=C(Cl)C=C1",0
"ClC1=CC=C(CSC(CN2C=NC=N2)=NC2=CC=C(Cl)C=C2Cl)C=C1",0
"CC(C)OC(=O)NC(C(C)C)C(=O)NC(C)C1=CC=C(C)C=C1",0
"FC(C(F)(F)F)C(F)(F)OC1=CC(Cl)=C(NC(=O)NC(=O)C2=C(F)C=CC=C2F)C=C1Cl",0
"COC1=CC(CCNC(=O)C(OCC#C)C2=CC=C(Cl)C=C2)=CC=C1OCC#C",0
"COC=C(C(=O)OC)C1=C(COC2=NC(=CC=C2)C(F)(F)F)C=CC=C1",0
"CC1=CC(C)=C(C2=C(OC(=O)CC(C)(C)C)C3(CCCC3)OC2=O)C(C)=C1",0
"CC(C)(C)C(O)(CCC1=CC=C(Cl)C=C1)CN1C=NC=N1",0
"[O-][N+]1=NC(=NC2=CC=C(Cl)C=C12)N1C=CN=C1",0
"CON=C(C(=O)OC)C1=CC=CC=C1CON=C(C)C1=CC(=CC=C1)C(F)(F)F",0
"CC(C)(C)C(O)C(OC1=CC=C(Cl)C=C1)N1C=NC=N1",0
"FC(F)(F)OC1=CC=C(NC(=O)NC(=O)C2=CC=CC=C2Cl)C=C1",0
"CC1(CCCCC1)C(=O)NC1=CC=C(O)C(Cl)=C1Cl",0
"NC1=C(Cl)C(=O)N(N=C1)C1=CC=CC=C1",0
"CN1C(=O)ON(C1=O)C1=CC=C(Cl)C(Cl)=C1",0
"COC1=CC(OC)=NC(NC(=O)NS(=O)(=O)C2=NC=CC=C2C(F)(F)F)=N1",0
"CN1C(=O)N(C(=O)C=C1C(F)(F)F)C1=CC=C(Cl)C(=C1)C(=O)OC(C)(C)C(=O)OCC=C",0
"COC(=O)C1=CC=C(I)C=C1S(=O)(=O)NC(=O)NC1=NC(C)=NC(OC)=N1",0
"FC(F)(F)C1=CC=C(OCCCOC2=C(Cl)C=C(OCC=C(Cl)Cl)C=C2Cl)N=C1",0
"CCC(C)(C)C(=O)OC1=C(C(=O)OC11CCCCC1)C1=CC(Cl)=CC(Cl)=C1",0
"COCCN(C(=O)CCl)C1=C(C)C=CC=C1C",0
"CC(OC1=CC=C(Cl)C=C1Cl)C(O)=O",0
"CN(C)NC(=O)CCC(O)=O",0
"ClC(Cl)(Cl)SN1C(=O)C2CC=CCC2C1=O",0
"OC(=O)C1=C(Cl)C=CC2=CC(Cl)=CN=C12",0
"CCC1=CC=C(C=C1)C(=O)NN(C(=O)C1=CC(C)=CC(C)=C1)C(C)(C)C",0
"COC(=O)NC1=CC=CC(OC(=O)NC2=CC=CC(C)=C2)=C1",0
"CCC(C)(C)C(=O)OC1=C(C(=O)OC11CCCCC1)C1=C(Cl)C=C(Cl)C=C1",0
"CC1=NC(NC2=CC=CC=C2)=NC(=C1)C1CC1",0
"ClC1=CC=C(CCC(CN2C=NC=N2)(C#N)C2=CC=CC=C2)C=C1",0
"CN(C)C(=O)SCCCCOC1=CC=CC=C1",0
"CC(C)CC(C)C1=C(NC(=O)C2=CN(C)N=C2C(F)(F)F)C=CS1",0
"CCOP(O)=O",0
"CP(O)(=O)CCC(N)C(O)=O",0
"CNC(=O)ON=CC(C)(C)S(C)(=O)=O",0
"CC(C)NC(=O)N1CC(=O)N(C1=O)C1=CC(Cl)=CC(Cl)=C1",0
"ClC1=C2COC(=O)C2=C(Cl)C(Cl)=C1Cl",0
"CCCCC1=C(C)N=C(NCC)N=C1OS(=O)(=O)N(C)C",0
"CCOC(=O)C=C(C)C=CCC(C)CCCC(C)C",0
"CC(C)OC1=CC(NC(=O)C2=CC=CC=C2C)=CC=C1",0
"COC(C)(C)CCCC(C)CC=CC(C)=CC(=O)OC(C)C",0
"O=C1CCC2=CC=CC3=C2N1CC3",0
"CCCCOCCOC(=O)C(C)OC1=CC=C(Cl)C=C1Cl",0
"FC(F)(F)OC1=CC=C(NC(=O)NN=C(CC2=CC=C(C=C2)C#N)C2=CC=CC(=C2)C(F)(F)F)C=C1",0
"ClC1=CC=C(C=C1)S(=O)(=O)C1=CC(Cl)=C(Cl)C=C1Cl",0
"CNC(=O)C(=NOC)C1=CC=CC=C1CON=C(C)C(=NOC)C(C)=NOC",0
"CCOCN(C(=O)CCl)C1=C(C)C=CC=C1CC",0
"CC1=C(O)C(=CC(=C1)[N+]([O-])=O)[N+]([O-])=O",0
"CN(C)C(=O)C(C1=CC=CC=C1)C1=CC=CC=C1",0
"COC(=O)C1=CC=C(CNS(C)(=O)=O)C=C1S(=O)(=O)NC(=O)NC1=NC(OC)=CC(OC)=N1",0
"CCOP(=O)(OCC)OC(=CCl)C1=C(Cl)C=C(Cl)C=C1",0
"COC(=O)C1(O)OCC23C4C(OCC4(C(CC2OC(=O)C(C)=CC)OC(C)=O)C(=O)OC)C(O)C(C)(C13)C12OC1(C)C1CC2OC2OC=CC12O",0
